timestamp,temperature,pressure,vibration,humidity,flow_rate,voltage,current,rpm,anomaly
2026-04-02T12:54:38Z,71.85,101.0,0.34,44.92,22.1,230.18,7.52,1503,0
2026-04-02T12:54:48Z,72.24,101.19,0.368,45.33,21.76,230.22,7.63,1500,0
2026-04-02T12:54:58Z,72.11,100.98,0.364,45.76,21.84,230.37,7.65,1505,0
2026-04-02T12:55:08Z,72.14,101.01,0.345,45.09,22.14,229.99,7.57,1499,0
2026-04-02T12:55:18Z,71.86,101.38,0.365,44.68,21.83,230.32,7.51,1507,0
2026-04-02T12:55:28Z,72.06,101.41,0.369,45.13,22.33,230.12,7.48,1509,0
2026-04-02T12:55:38Z,72.5,101.05,0.346,45.3,22.09,230.41,7.63,1498,0
2026-04-02T12:55:48Z,73.07,101.09,0.364,45.1,22.36,230.53,7.53,1507,0
2026-04-02T12:55:58Z,72.37,101.15,0.375,45.63,22.19,230.03,7.83,1507,0
2026-04-02T12:56:08Z,72.03,101.41,0.372,44.66,22.24,230.57,7.71,1501,0
2026-04-02T12:56:18Z,72.13,100.84,0.377,45.03,22.12,230.32,7.52,1516,0
2026-04-02T12:56:28Z,72.59,101.19,0.369,45.44,22.26,230.18,7.54,1508,0
2026-04-02T12:56:38Z,72.8,101.23,0.382,44.8,22.36,230.46,7.6,1510,0
2026-04-02T12:56:48Z,73.23,101.21,0.364,45.15,22.12,230.37,7.64,1512,0
2026-04-02T12:56:58Z,72.85,101.27,0.379,46.6,22.42,229.8,7.6,1521,0
2026-04-02T12:57:08Z,73.32,101.63,0.375,46.14,22.81,230.08,7.67,1519,0
2026-04-02T12:57:18Z,72.86,101.9,0.37,45.4,22.05,229.83,7.58,1524,0
2026-04-02T12:57:28Z,73.23,101.23,0.383,45.38,22.02,230.36,7.6,1516,0
2026-04-02T12:57:38Z,73.2,101.63,0.369,46.68,22.18,230.63,7.59,1529,0
2026-04-02T12:57:48Z,72.97,101.54,0.391,46.33,21.97,229.98,7.59,1512,0
2026-04-02T12:57:58Z,73.64,101.55,0.397,45.7,22.32,230.64,7.71,1527,0
2026-04-02T12:58:08Z,73.06,101.66,0.384,45.49,21.91,230.61,7.81,1517,0
2026-04-02T12:58:18Z,73.89,101.66,0.387,46.7,22.33,230.6,7.67,1523,0
2026-04-02T12:58:28Z,72.88,101.7,0.376,45.94,22.23,230.6,7.69,1527,0
2026-04-02T12:58:38Z,73.98,101.55,0.371,46.34,22.51,230.43,7.83,1524,0
2026-04-02T12:58:48Z,73.8,101.41,0.394,46.82,22.84,230.79,7.62,1527,0
2026-04-02T12:58:58Z,73.47,101.56,0.396,45.88,22.44,230.77,7.7,1530,0
2026-04-02T12:59:08Z,73.46,101.19,0.377,46.04,22.74,230.3,7.64,1525,0
2026-04-02T12:59:18Z,74.21,101.58,0.402,46.98,22.67,230.3,7.61,1533,0
2026-04-02T12:59:28Z,74.19,101.45,0.388,46.61,22.61,230.61,7.88,1538,0
2026-04-02T12:59:38Z,73.72,101.55,0.385,46.99,22.61,230.1,7.61,1535,0
2026-04-02T12:59:48Z,73.61,101.81,0.39,45.93,22.44,230.65,7.62,1527,0
2026-04-02T12:59:58Z,74.02,101.85,0.386,46.62,22.79,230.08,7.68,1541,0
2026-04-02T13:00:08Z,73.89,101.77,0.402,46.84,22.5,230.37,7.61,1536,0
2026-04-02T13:00:18Z,74.22,101.71,0.378,48.13,22.79,230.24,7.79,1537,0
2026-04-02T13:00:28Z,74.3,102.0,0.403,46.34,22.42,231.06,7.76,1538,0
2026-04-02T13:00:38Z,74.29,102.08,0.389,46.21,22.59,231.02,7.92,1529,0
2026-04-02T13:00:48Z,74.58,101.84,0.398,46.92,22.48,230.46,7.78,1533,0
2026-04-02T13:00:58Z,74.34,102.15,0.389,47.07,23.33,230.39,7.73,1539,0
2026-04-02T13:01:08Z,74.17,102.14,0.384,46.78,22.86,230.3,7.84,1549,0
2026-04-02T13:01:18Z,74.1,101.82,0.397,47.36,22.95,230.4,7.87,1530,0
2026-04-02T13:01:28Z,74.82,102.08,0.408,46.72,22.22,231.06,7.82,1540,0
2026-04-02T13:01:38Z,74.42,101.82,0.401,46.34,22.76,230.66,7.78,1545,0
2026-04-02T13:01:48Z,84.7,115.45,1.421,47.28,16.88,215.97,11.88,1145,1
2026-04-02T13:01:58Z,74.98,102.16,0.391,47.79,22.86,230.78,8.0,1548,0
2026-04-02T13:02:08Z,74.71,102.06,0.411,46.87,22.87,230.57,7.87,1549,0
2026-04-02T13:02:18Z,74.19,102.1,0.385,46.92,22.91,230.56,7.92,1542,0
2026-04-02T13:02:28Z,75.13,102.24,0.395,46.53,22.73,230.74,7.87,1547,0
2026-04-02T13:02:38Z,80.59,109.85,1.585,46.96,17.2,211.12,10.69,1248,1
2026-04-02T13:02:48Z,74.88,102.17,0.384,47.8,22.91,230.81,7.89,1553,0
2026-04-02T13:02:58Z,75.2,102.19,0.404,45.96,23.0,230.58,8.04,1543,0
2026-04-02T13:03:08Z,75.17,102.5,0.398,47.97,22.73,230.41,7.91,1546,0
2026-04-02T13:03:18Z,75.02,102.14,0.396,47.5,23.03,231.07,7.91,1541,0
2026-04-02T13:03:28Z,74.45,102.2,0.38,47.39,23.05,230.81,7.8,1549,0
2026-04-02T13:03:38Z,75.16,102.22,0.398,48.8,23.21,230.68,8.05,1554,0
2026-04-02T13:03:48Z,75.21,102.38,0.41,47.74,22.95,230.71,7.89,1552,0
2026-04-02T13:03:58Z,75.15,102.2,0.397,48.06,22.92,230.51,7.97,1554,0
2026-04-02T13:04:08Z,75.29,102.15,0.389,48.67,23.0,230.64,7.77,1550,0
2026-04-02T13:04:18Z,75.62,102.75,0.394,47.91,23.21,230.96,8.02,1559,0
2026-04-02T13:04:28Z,75.14,102.21,0.391,48.07,23.08,231.32,8.05,1563,0
2026-04-02T13:04:38Z,75.03,102.58,0.385,48.16,23.03,230.67,7.75,1562,0
2026-04-02T13:04:48Z,75.75,102.44,0.384,48.23,22.79,230.9,8.12,1558,0
2026-04-02T13:04:58Z,75.2,102.78,0.396,47.57,22.98,230.76,8.14,1564,0
2026-04-02T13:05:08Z,74.96,102.4,0.365,48.23,23.48,230.77,7.98,1551,0
2026-04-02T13:05:18Z,75.68,102.58,0.411,48.94,23.39,231.57,7.92,1553,0
2026-04-02T13:05:28Z,75.79,102.42,0.394,47.76,23.15,230.72,7.79,1565,0
2026-04-02T13:05:38Z,76.23,102.33,0.403,48.03,23.37,231.02,8.01,1551,0
2026-04-02T13:05:48Z,75.44,102.3,0.39,48.47,23.08,230.69,8.02,1548,0
2026-04-02T13:05:58Z,75.88,102.54,0.392,48.19,23.18,230.77,8.1,1562,0
2026-04-02T13:06:08Z,75.91,102.63,0.38,48.24,23.34,231.04,7.98,1554,0
2026-04-02T13:06:18Z,75.21,102.18,0.396,49.49,23.25,231.06,7.93,1562,0
2026-04-02T13:06:28Z,90.32,113.99,1.241,48.33,17.11,218.39,12.73,1161,1
2026-04-02T13:06:38Z,75.03,102.63,0.371,49.71,23.13,230.91,8.02,1558,0
2026-04-02T13:06:48Z,75.42,102.42,0.38,48.32,23.05,230.99,8.11,1550,0
2026-04-02T13:06:58Z,75.86,102.47,0.369,49.32,23.09,230.64,8.03,1553,0
2026-04-02T13:07:08Z,75.59,102.71,0.381,48.5,23.3,231.24,8.1,1557,0
2026-04-02T13:07:18Z,76.52,102.14,0.388,48.37,23.58,231.05,7.96,1551,0
2026-04-02T13:07:28Z,75.79,102.65,0.384,49.27,23.66,231.07,8.07,1554,0
2026-04-02T13:07:38Z,75.75,102.4,0.371,48.19,23.54,230.97,8.03,1575,0
2026-04-02T13:07:48Z,75.82,102.63,0.377,49.67,23.59,231.03,8.22,1560,0
2026-04-02T13:07:58Z,75.8,102.38,0.366,49.36,22.8,231.73,8.09,1550,0
2026-04-02T13:08:08Z,76.5,102.69,0.364,48.58,23.15,230.94,8.05,1555,0
2026-04-02T13:08:18Z,76.16,103.12,0.373,48.84,23.51,230.74,8.08,1555,0
2026-04-02T13:08:28Z,75.6,102.89,0.356,48.49,23.51,231.49,8.17,1563,0
2026-04-02T13:08:38Z,76.0,102.53,0.358,49.05,23.55,231.62,8.14,1554,0
2026-04-02T13:08:48Z,75.14,102.99,0.366,48.66,23.21,231.37,8.13,1558,0
2026-04-02T13:08:58Z,76.28,102.74,0.373,49.62,23.74,231.71,8.08,1566,0
2026-04-02T13:09:08Z,75.63,102.87,0.353,49.9,23.32,230.91,7.98,1559,0
2026-04-02T13:09:18Z,76.37,102.9,0.358,48.88,23.5,231.11,8.18,1557,0
2026-04-02T13:09:28Z,76.46,103.04,0.356,48.91,23.22,231.23,8.1,1556,0
2026-04-02T13:09:38Z,75.7,102.54,0.35,49.59,23.42,231.08,8.16,1553,0
2026-04-02T13:09:48Z,76.07,102.85,0.361,49.54,23.71,231.47,8.15,1557,0
2026-04-02T13:09:58Z,75.87,102.76,0.349,49.16,23.6,231.32,8.03,1554,0
2026-04-02T13:10:08Z,76.64,102.94,0.35,49.75,23.44,231.41,8.29,1550,0
2026-04-02T13:10:18Z,76.04,102.72,0.349,49.3,23.89,231.5,8.12,1563,0
2026-04-02T13:10:28Z,75.8,102.91,0.358,49.37,23.67,230.94,8.1,1554,0
2026-04-02T13:10:38Z,75.39,102.78,0.334,49.73,23.59,231.16,8.06,1551,0
2026-04-02T13:10:48Z,76.22,102.79,0.346,50.49,23.69,231.18,8.22,1551,0
2026-04-02T13:10:58Z,75.9,102.68,0.347,49.41,23.5,230.69,7.93,1546,0
2026-04-02T13:11:08Z,76.23,102.89,0.344,49.34,23.39,230.8,8.06,1560,0
2026-04-02T13:11:18Z,75.9,102.83,0.326,49.13,23.4,230.74,8.11,1565,0
2026-04-02T13:11:28Z,87.27,115.67,0.776,49.47,19.66,213.22,12.83,1262,1
2026-04-02T13:11:38Z,75.39,103.01,0.332,49.74,23.52,231.44,8.1,1554,0
2026-04-02T13:11:48Z,89.45,116.13,0.847,50.21,20.24,206.58,10.28,1295,1
2026-04-02T13:11:58Z,76.27,102.93,0.349,49.46,23.76,231.67,7.98,1552,0
2026-04-02T13:12:08Z,76.4,103.1,0.323,49.82,23.3,231.22,8.16,1553,0
2026-04-02T13:12:18Z,75.67,102.6,0.317,49.21,23.64,231.15,8.12,1554,0
2026-04-02T13:12:28Z,75.67,103.01,0.335,49.61,23.26,230.68,8.18,1556,0
2026-04-02T13:12:38Z,85.46,114.39,0.741,49.46,17.54,215.75,13.1,1196,1
2026-04-02T13:12:48Z,75.75,102.94,0.335,48.86,23.66,231.28,8.09,1552,0
2026-04-02T13:12:58Z,75.89,102.7,0.313,49.29,23.3,231.0,8.11,1552,0
2026-04-02T13:13:08Z,76.09,103.06,0.32,50.36,23.2,231.44,8.15,1552,0
2026-04-02T13:13:18Z,75.9,103.1,0.326,49.1,23.61,230.74,7.9,1542,0
2026-04-02T13:13:28Z,75.88,103.06,0.311,50.24,23.39,231.16,8.19,1539,0
2026-04-02T13:13:38Z,75.94,103.05,0.321,49.16,23.64,231.41,8.08,1544,0
2026-04-02T13:13:48Z,75.77,103.07,0.319,49.43,23.42,231.55,8.11,1537,0
2026-04-02T13:13:58Z,75.4,102.93,0.31,50.18,23.44,231.61,8.09,1553,0
2026-04-02T13:14:08Z,75.37,102.93,0.309,49.65,23.6,231.31,8.15,1543,0
2026-04-02T13:14:18Z,75.9,102.87,0.32,49.74,23.74,231.51,8.09,1535,0
2026-04-02T13:14:28Z,75.81,103.14,0.312,49.88,23.37,231.47,8.15,1538,0
2026-04-02T13:14:38Z,75.83,102.77,0.303,49.43,23.66,231.47,7.96,1540,0
2026-04-02T13:14:48Z,75.09,102.96,0.312,50.96,23.48,231.19,8.04,1539,0
2026-04-02T13:14:58Z,75.29,103.26,0.316,49.35,23.27,230.98,8.03,1536,0
2026-04-02T13:15:08Z,75.45,102.97,0.3,50.32,23.35,231.66,8.09,1535,0
2026-04-02T13:15:18Z,75.51,102.85,0.31,50.53,23.82,231.31,8.09,1543,0
2026-04-02T13:15:28Z,75.51,103.02,0.321,50.32,23.52,231.45,8.0,1534,0
2026-04-02T13:15:38Z,75.01,102.93,0.282,49.77,23.58,231.42,8.1,1534,0
2026-04-02T13:15:48Z,74.86,103.17,0.305,50.03,23.62,231.61,8.16,1529,0
2026-04-02T13:15:58Z,75.1,103.13,0.293,49.45,23.5,231.55,8.01,1529,0
2026-04-02T13:16:08Z,75.46,102.98,0.308,49.65,23.36,231.37,8.19,1538,0
2026-04-02T13:16:18Z,75.58,102.82,0.295,50.45,23.48,231.23,8.17,1532,0
2026-04-02T13:16:28Z,75.58,103.05,0.319,49.08,23.4,231.14,8.12,1532,0
2026-04-02T13:16:38Z,74.65,103.05,0.294,50.04,23.72,231.27,7.83,1525,0
2026-04-02T13:16:48Z,75.54,103.22,0.302,49.62,23.52,231.45,8.13,1530,0
2026-04-02T13:16:58Z,75.04,102.83,0.287,50.83,23.77,230.92,8.13,1528,0
2026-04-02T13:17:08Z,75.42,103.1,0.314,50.13,23.28,231.21,8.23,1524,0
2026-04-02T13:17:18Z,75.22,102.72,0.294,50.38,23.6,231.48,8.06,1530,0
2026-04-02T13:17:28Z,74.51,103.0,0.292,49.69,23.3,231.57,8.02,1528,0
2026-04-02T13:17:38Z,74.62,103.21,0.307,49.72,22.9,231.5,7.94,1518,0
2026-04-02T13:17:48Z,74.59,103.09,0.291,49.55,23.71,231.19,8.12,1518,0
2026-04-02T13:17:58Z,75.25,103.18,0.29,50.0,23.56,231.53,8.1,1516,0
2026-04-02T13:18:08Z,74.34,103.17,0.297,50.44,23.45,231.02,7.73,1519,0
2026-04-02T13:18:18Z,74.45,102.77,0.291,49.15,23.51,231.45,7.93,1524,0
2026-04-02T13:18:28Z,82.06,117.5,1.47,49.67,18.26,211.41,10.96,1093,1
2026-04-02T13:18:38Z,74.59,102.92,0.325,50.46,23.04,231.86,8.08,1514,0
2026-04-02T13:18:48Z,75.02,102.73,0.296,49.92,23.11,231.45,8.06,1509,0
2026-04-02T13:18:58Z,74.8,102.71,0.295,49.65,23.12,231.56,7.94,1513,0
2026-04-02T13:19:08Z,74.86,102.92,0.311,50.52,23.01,231.27,7.92,1513,0
2026-04-02T13:19:18Z,74.41,102.69,0.319,50.21,22.89,231.78,7.9,1510,0
2026-04-02T13:19:28Z,74.18,103.1,0.319,50.04,23.03,231.45,7.9,1511,0
2026-04-02T13:19:38Z,74.48,102.77,0.302,50.59,23.21,232.12,8.16,1501,0
2026-04-02T13:19:48Z,74.23,102.9,0.309,51.42,23.08,231.4,7.9,1505,0
2026-04-02T13:19:58Z,74.75,102.92,0.309,49.67,23.51,231.5,8.1,1501,0
2026-04-02T13:20:08Z,85.49,116.83,1.075,50.32,19.15,219.47,12.74,1040,1
2026-04-02T13:20:18Z,81.25,115.29,1.424,50.09,19.64,218.72,10.91,1104,1
2026-04-02T13:20:28Z,73.7,103.1,0.303,49.95,23.5,230.97,7.94,1491,0
2026-04-02T13:20:38Z,74.05,102.58,0.303,49.24,23.05,231.14,7.94,1506,0
2026-04-02T13:20:48Z,74.19,102.92,0.297,49.79,23.48,231.48,7.98,1496,0
2026-04-02T13:20:58Z,73.82,102.47,0.316,49.46,23.57,232.03,7.67,1503,0
2026-04-02T13:21:08Z,80.93,113.06,1.387,49.8,18.67,214.91,11.2,1280,1
2026-04-02T13:21:18Z,74.4,102.91,0.309,49.95,23.0,231.36,7.72,1493,0
2026-04-02T13:21:28Z,74.04,102.73,0.305,50.99,23.13,231.65,7.77,1497,0
2026-04-02T13:21:38Z,73.7,102.79,0.307,49.88,22.9,231.81,7.88,1498,0
2026-04-02T13:21:48Z,73.92,102.76,0.318,49.98,23.14,231.13,7.86,1494,0
2026-04-02T13:21:58Z,73.7,102.56,0.311,49.94,22.97,231.41,7.72,1493,0
2026-04-02T13:22:08Z,74.05,102.39,0.32,49.61,23.09,231.49,7.9,1489,0
2026-04-02T13:22:18Z,73.58,102.94,0.325,49.2,22.86,231.29,7.66,1494,0
2026-04-02T13:22:28Z,74.07,102.79,0.322,50.33,23.14,231.3,7.81,1480,0
2026-04-02T13:22:38Z,73.5,102.62,0.293,50.27,23.13,231.59,7.81,1493,0
2026-04-02T13:22:48Z,72.92,102.92,0.338,50.35,23.0,231.39,7.6,1499,0
2026-04-02T13:22:58Z,82.21,111.02,1.046,49.99,17.65,208.26,10.36,1018,1
2026-04-02T13:23:08Z,72.78,102.54,0.315,49.34,22.82,231.75,7.8,1488,0
2026-04-02T13:23:18Z,73.23,102.65,0.328,49.33,23.1,231.47,7.67,1476,0
2026-04-02T13:23:28Z,73.37,102.5,0.33,49.81,22.95,231.43,7.72,1477,0
2026-04-02T13:23:38Z,73.22,102.83,0.325,48.87,23.05,231.36,7.83,1486,0
2026-04-02T13:23:48Z,72.62,102.71,0.335,49.7,23.07,231.56,7.81,1475,0
2026-04-02T13:23:58Z,72.36,102.53,0.327,49.66,22.95,231.0,7.68,1465,0
2026-04-02T13:24:08Z,72.4,102.58,0.324,50.83,22.58,231.21,7.72,1471,0
2026-04-02T13:24:18Z,72.14,102.32,0.328,49.14,23.08,231.52,7.75,1470,0
2026-04-02T13:24:28Z,72.89,102.65,0.346,49.66,22.66,231.23,7.65,1475,0
2026-04-02T13:24:38Z,72.77,102.67,0.326,50.05,22.75,231.1,7.64,1479,0
2026-04-02T13:24:48Z,72.02,102.34,0.345,49.52,22.73,231.04,7.44,1470,0
2026-04-02T13:24:58Z,72.56,102.53,0.332,49.81,22.98,231.54,7.63,1475,0
2026-04-02T13:25:08Z,72.33,102.2,0.345,48.81,22.82,231.77,7.6,1476,0
2026-04-02T13:25:18Z,72.06,102.69,0.344,49.32,22.76,231.91,7.73,1482,0
2026-04-02T13:25:28Z,72.91,102.5,0.355,50.54,22.67,231.75,7.84,1473,0
2026-04-02T13:25:38Z,71.8,102.76,0.341,49.16,22.87,231.1,7.69,1459,0
2026-04-02T13:25:48Z,81.54,112.97,0.98,49.61,18.53,211.62,9.97,994,1
2026-04-02T13:25:58Z,71.6,102.42,0.349,49.55,23.09,231.23,7.63,1459,0
2026-04-02T13:26:08Z,71.99,102.25,0.348,49.66,22.59,231.63,7.61,1454,0
2026-04-02T13:26:18Z,71.88,102.46,0.342,49.25,22.41,231.52,7.57,1454,0
2026-04-02T13:26:28Z,71.63,102.33,0.338,49.27,22.5,231.78,7.46,1457,0
2026-04-02T13:26:38Z,71.42,102.22,0.357,49.17,22.67,231.36,7.59,1448,0
2026-04-02T13:26:48Z,71.86,102.47,0.351,48.95,22.49,231.2,7.76,1459,0
2026-04-02T13:26:58Z,71.54,102.64,0.346,49.02,22.47,231.43,7.38,1460,0
2026-04-02T13:27:08Z,71.94,102.49,0.371,49.75,22.46,230.96,7.62,1457,0
2026-04-02T13:27:18Z,70.9,101.99,0.348,50.13,22.49,231.56,7.53,1454,0
2026-04-02T13:27:28Z,72.21,102.12,0.357,49.36,22.19,231.48,7.36,1456,0
2026-04-02T13:27:38Z,71.32,101.77,0.379,50.15,22.66,231.12,7.54,1450,0
2026-04-02T13:27:48Z,71.08,102.37,0.375,48.48,22.25,231.31,7.57,1450,0
2026-04-02T13:27:58Z,71.14,102.08,0.365,48.87,22.3,231.4,7.35,1453,0
2026-04-02T13:28:08Z,71.63,102.31,0.375,49.86,22.47,230.88,7.42,1459,0
2026-04-02T13:28:18Z,71.29,102.3,0.375,48.13,22.57,231.64,7.67,1449,0
2026-04-02T13:28:28Z,70.57,102.13,0.369,49.19,22.5,231.06,7.49,1445,0
2026-04-02T13:28:38Z,71.01,102.08,0.389,49.25,22.61,231.33,7.6,1444,0
2026-04-02T13:28:48Z,70.8,102.16,0.385,49.64,22.45,231.57,7.47,1451,0
2026-04-02T13:28:58Z,70.39,101.68,0.372,49.34,21.92,231.14,7.4,1449,0
2026-04-02T13:29:08Z,71.11,101.94,0.371,48.99,22.27,231.09,7.67,1451,0
2026-04-02T13:29:18Z,71.11,101.72,0.387,47.97,22.2,231.42,7.45,1458,0
2026-04-02T13:29:28Z,70.62,102.15,0.386,49.71,22.13,231.38,7.34,1454,0
2026-04-02T13:29:38Z,70.95,101.98,0.366,48.39,22.63,231.29,7.35,1452,0
2026-04-02T13:29:48Z,70.38,101.76,0.397,48.29,22.2,231.29,7.47,1449,0
2026-04-02T13:29:58Z,70.31,102.12,0.382,48.04,22.15,230.88,7.37,1447,0
2026-04-02T13:30:08Z,70.07,101.59,0.393,48.55,22.3,230.92,7.4,1441,0
2026-04-02T13:30:18Z,70.54,101.66,0.365,49.18,22.01,231.61,7.37,1453,0
2026-04-02T13:30:28Z,70.64,101.95,0.41,47.6,22.18,231.54,7.3,1448,0
2026-04-02T13:30:38Z,69.97,102.12,0.393,49.64,22.52,231.36,7.29,1437,0
2026-04-02T13:30:48Z,70.01,101.87,0.396,48.53,22.05,231.0,7.42,1442,0
2026-04-02T13:30:58Z,70.29,102.26,0.415,48.36,21.61,230.99,7.21,1447,0
2026-04-02T13:31:08Z,70.22,101.74,0.395,48.55,21.72,230.93,7.44,1439,0
2026-04-02T13:31:18Z,70.04,101.86,0.407,47.86,22.07,231.27,7.34,1440,0
2026-04-02T13:31:28Z,70.05,101.82,0.401,47.28,21.67,231.16,7.4,1448,0
2026-04-02T13:31:38Z,69.92,101.59,0.39,47.49,22.08,231.56,7.19,1443,0
2026-04-02T13:31:48Z,69.41,101.88,0.382,47.98,21.79,231.13,7.27,1438,0
2026-04-02T13:31:58Z,69.38,101.7,0.404,47.75,22.01,230.76,7.29,1455,0
2026-04-02T13:32:08Z,69.23,101.78,0.416,49.13,22.07,231.33,7.14,1447,0
2026-04-02T13:32:18Z,69.24,101.36,0.394,48.95,21.66,230.83,7.44,1443,0
2026-04-02T13:32:28Z,69.46,101.62,0.395,47.72,21.71,231.39,7.24,1443,0
2026-04-02T13:32:38Z,69.47,101.58,0.378,48.21,21.83,231.36,7.35,1447,0
2026-04-02T13:32:48Z,69.84,101.78,0.396,46.18,22.06,230.84,7.17,1437,0
2026-04-02T13:32:58Z,69.39,101.43,0.391,46.91,21.42,231.43,7.43,1442,0
2026-04-02T13:33:08Z,69.59,101.55,0.393,47.18,22.03,231.12,7.31,1433,0
2026-04-02T13:33:18Z,68.9,101.58,0.394,48.62,21.49,231.22,7.27,1433,0
2026-04-02T13:33:28Z,69.38,101.41,0.385,48.08,21.98,230.96,7.09,1441,0
2026-04-02T13:33:38Z,69.08,101.11,0.38,47.3,21.76,231.41,7.31,1440,0
2026-04-02T13:33:48Z,69.21,101.7,0.422,46.81,21.91,230.78,7.02,1439,0
2026-04-02T13:33:58Z,69.26,101.44,0.404,47.4,21.61,230.73,7.13,1439,0
2026-04-02T13:34:08Z,68.44,101.58,0.391,47.33,21.53,231.18,7.12,1451,0
2026-04-02T13:34:18Z,69.0,101.08,0.393,47.51,21.76,230.76,7.31,1449,0
2026-04-02T13:34:28Z,68.89,101.27,0.401,46.38,21.43,230.9,7.16,1434,0
2026-04-02T13:34:38Z,68.91,101.4,0.414,48.22,21.38,231.37,7.24,1444,0
2026-04-02T13:34:48Z,69.36,101.46,0.377,48.1,21.42,231.19,7.23,1428,0
2026-04-02T13:34:58Z,68.77,101.19,0.398,47.41,21.46,231.14,7.36,1446,0
2026-04-02T13:35:08Z,69.05,101.42,0.389,47.02,21.47,231.07,7.14,1442,0
2026-04-02T13:35:18Z,68.14,101.34,0.392,47.13,21.57,231.0,7.08,1445,0
2026-04-02T13:35:28Z,68.58,101.03,0.397,47.02,21.5,230.93,7.1,1442,0
2026-04-02T13:35:38Z,68.67,101.22,0.4,47.9,21.81,230.71,7.0,1440,0
2026-04-02T13:35:48Z,68.31,101.57,0.397,46.42,21.57,231.09,7.11,1440,0
2026-04-02T13:35:58Z,68.41,101.25,0.386,45.62,21.52,230.76,7.09,1444,0
2026-04-02T13:36:08Z,68.77,101.13,0.384,46.04,21.2,231.11,7.19,1448,0
2026-04-02T13:36:18Z,68.61,101.18,0.389,46.51,21.45,230.86,7.26,1443,0
2026-04-02T13:36:28Z,68.54,100.98,0.396,46.84,21.23,230.79,7.09,1442,0
2026-04-02T13:36:38Z,69.11,101.1,0.399,46.97,21.56,230.87,7.14,1442,0
2026-04-02T13:36:48Z,68.13,101.02,0.368,46.88,21.17,231.21,7.17,1447,0
2026-04-02T13:36:58Z,76.94,111.45,1.353,47.13,17.91,219.01,11.3,1087,1
2026-04-02T13:37:08Z,68.75,100.68,0.392,47.12,21.31,231.27,7.18,1446,0
2026-04-02T13:37:18Z,68.64,100.78,0.384,45.85,21.47,231.05,7.05,1441,0
2026-04-02T13:37:28Z,67.92,100.83,0.377,46.61,21.13,230.81,7.07,1447,0
2026-04-02T13:37:38Z,67.9,100.61,0.391,45.79,21.3,230.75,6.99,1452,0
2026-04-02T13:37:48Z,68.03,101.09,0.374,46.01,21.11,230.05,7.08,1444,0
2026-04-02T13:37:58Z,68.55,100.88,0.4,45.5,21.2,231.21,7.08,1443,0
2026-04-02T13:38:08Z,67.97,100.67,0.376,46.82,21.35,230.67,6.95,1448,0
2026-04-02T13:38:18Z,68.47,100.99,0.389,46.08,20.98,230.52,7.06,1447,0
2026-04-02T13:38:28Z,68.45,100.49,0.377,46.08,21.52,230.75,7.01,1448,0
2026-04-02T13:38:38Z,74.92,111.52,1.088,46.61,17.57,206.42,9.33,1190,1
2026-04-02T13:38:48Z,68.9,100.65,0.374,45.63,21.22,230.66,6.99,1445,0
2026-04-02T13:38:58Z,68.27,101.0,0.371,45.93,20.84,231.11,6.89,1453,0
2026-04-02T13:39:08Z,68.09,100.46,0.37,45.12,21.16,230.95,6.95,1454,0
2026-04-02T13:39:18Z,68.01,100.86,0.367,46.04,21.23,230.61,6.94,1451,0
2026-04-02T13:39:28Z,68.42,100.5,0.37,46.38,20.92,231.0,6.83,1453,0
2026-04-02T13:39:38Z,68.23,100.48,0.362,46.1,21.18,230.57,6.89,1446,0
2026-04-02T13:39:48Z,68.03,100.18,0.361,45.09,21.03,230.57,6.96,1451,0
2026-04-02T13:39:58Z,68.26,100.49,0.371,46.28,20.87,229.93,6.98,1461,0
2026-04-02T13:40:08Z,76.44,109.85,1.37,46.25,16.8,217.78,10.08,1096,1
2026-04-02T13:40:18Z,68.52,100.57,0.355,45.94,20.85,230.27,6.8,1456,0
2026-04-02T13:40:28Z,68.42,100.47,0.371,45.27,20.72,231.21,7.07,1461,0
2026-04-02T13:40:38Z,68.08,100.4,0.354,44.47,21.2,230.83,6.91,1462,0
2026-04-02T13:40:48Z,67.71,100.22,0.362,45.23,20.8,230.58,7.01,1455,0
2026-04-02T13:40:58Z,67.59,100.28,0.362,45.27,20.77,230.3,7.04,1455,0
2026-04-02T13:41:08Z,68.66,100.33,0.368,45.31,21.03,230.22,7.04,1463,0
2026-04-02T13:41:18Z,67.52,100.49,0.358,45.47,20.83,230.77,6.93,1464,0
2026-04-02T13:41:28Z,68.05,100.45,0.357,44.85,20.72,230.4,6.97,1461,0
2026-04-02T13:41:38Z,67.79,99.64,0.336,45.6,21.25,230.07,7.17,1467,0
2026-04-02T13:41:48Z,67.8,100.06,0.358,44.96,20.74,230.56,6.75,1464,0
2026-04-02T13:41:58Z,68.04,100.4,0.357,45.59,20.52,230.47,7.1,1451,0
2026-04-02T13:42:08Z,68.05,100.0,0.347,44.62,20.9,230.59,6.86,1463,0
2026-04-02T13:42:18Z,68.07,100.06,0.346,44.43,21.24,230.88,6.85,1459,0
2026-04-02T13:42:28Z,68.38,100.45,0.328,45.35,20.73,230.34,6.84,1472,0
2026-04-02T13:42:38Z,67.99,100.19,0.33,45.28,21.05,230.41,6.91,1466,0
2026-04-02T13:42:48Z,75.17,112.5,1.062,44.36,13.69,217.0,10.68,1147,1
2026-04-02T13:42:58Z,68.41,100.05,0.343,45.04,20.47,230.01,7.02,1474,0
2026-04-02T13:43:08Z,67.88,100.15,0.333,44.9,20.63,230.71,6.9,1476,0
2026-04-02T13:43:18Z,68.18,99.91,0.325,43.77,20.59,230.48,7.01,1477,0
2026-04-02T13:43:28Z,68.41,99.71,0.33,43.7,21.04,230.37,6.84,1478,0
2026-04-02T13:43:38Z,68.29,99.9,0.338,43.77,21.0,229.84,7.13,1471,0
2026-04-02T13:43:48Z,78.47,109.05,0.818,44.06,15.72,207.19,9.34,1110,1
2026-04-02T13:43:58Z,68.12,99.88,0.329,43.92,20.67,230.03,6.88,1474,0
2026-04-02T13:44:08Z,68.14,99.53,0.329,43.19,20.96,230.06,6.8,1483,0
2026-04-02T13:44:18Z,68.32,100.14,0.332,44.9,20.62,230.52,6.94,1479,0
2026-04-02T13:44:28Z,68.32,99.98,0.305,44.22,20.73,230.19,7.02,1480,0
2026-04-02T13:44:38Z,83.44,107.02,1.47,43.68,13.81,218.37,10.37,1073,1
2026-04-02T13:44:48Z,77.77,114.38,1.45,42.72,15.14,211.05,9.8,1051,1
2026-04-02T13:44:58Z,68.25,99.5,0.315,44.25,20.63,229.86,6.96,1483,0
2026-04-02T13:45:08Z,67.96,100.13,0.319,43.59,20.51,230.15,6.93,1484,0
2026-04-02T13:45:18Z,68.49,100.21,0.321,43.29,20.51,230.12,7.05,1496,0
2026-04-02T13:45:28Z,67.97,99.78,0.321,43.8,20.83,230.21,6.77,1493,0
2026-04-02T13:45:38Z,67.76,99.95,0.287,43.86,20.33,229.02,6.92,1484,0
2026-04-02T13:45:48Z,68.0,99.91,0.317,43.94,20.66,230.34,6.84,1484,0
2026-04-02T13:45:58Z,67.85,99.75,0.299,43.58,20.68,230.0,6.68,1490,0
2026-04-02T13:46:08Z,68.02,99.79,0.297,43.99,20.57,230.04,6.79,1489,0
2026-04-02T13:46:18Z,67.86,100.01,0.305,42.83,20.73,230.02,7.03,1485,0
2026-04-02T13:46:28Z,68.54,99.93,0.293,42.52,20.88,230.22,7.04,1502,0
2026-04-02T13:46:38Z,68.77,99.85,0.318,43.13,20.61,229.96,6.82,1507,0
2026-04-02T13:46:48Z,68.26,99.46,0.295,43.47,20.45,229.86,6.96,1500,0
2026-04-02T13:46:58Z,68.5,99.64,0.31,44.0,20.95,230.27,7.07,1497,0
2026-04-02T13:47:08Z,68.41,99.99,0.308,42.84,20.74,230.13,6.9,1507,0
2026-04-02T13:47:18Z,68.74,99.32,0.298,43.58,20.68,229.55,6.83,1501,0
2026-04-02T13:47:28Z,68.09,99.47,0.324,43.14,20.66,230.54,6.96,1507,0
2026-04-02T13:47:38Z,69.02,99.15,0.304,43.16,20.5,229.66,6.91,1494,0
2026-04-02T13:47:48Z,68.96,99.06,0.323,42.46,20.38,230.38,6.94,1510,0
2026-04-02T13:47:58Z,69.25,99.25,0.304,43.3,20.5,229.97,6.89,1503,0
2026-04-02T13:48:08Z,68.74,99.57,0.286,42.09,20.28,229.96,6.89,1504,0
2026-04-02T13:48:18Z,68.88,99.56,0.289,42.24,20.4,229.99,6.98,1512,0
2026-04-02T13:48:28Z,68.86,99.38,0.291,42.98,20.48,229.8,6.9,1512,0
2026-04-02T13:48:38Z,69.5,99.42,0.291,42.73,20.34,230.01,6.91,1513,0
2026-04-02T13:48:48Z,69.01,99.57,0.297,42.26,20.27,229.48,6.66,1517,0
2026-04-02T13:48:58Z,68.75,99.52,0.299,43.32,20.84,229.84,6.78,1511,0
2026-04-02T13:49:08Z,69.64,99.28,0.294,42.41,20.36,230.06,7.0,1519,0
2026-04-02T13:49:18Z,69.31,99.06,0.286,43.11,20.71,229.48,6.9,1520,0
2026-04-02T13:49:28Z,69.16,99.39,0.295,43.02,20.63,229.75,7.12,1518,0
2026-04-02T13:49:38Z,83.87,109.44,1.067,42.95,13.56,210.09,10.17,1261,1
2026-04-02T13:49:48Z,69.06,99.42,0.311,42.75,20.37,229.35,6.95,1519,0
2026-04-02T13:49:58Z,75.76,104.46,1.305,42.88,16.83,205.78,10.17,1233,1
2026-04-02T13:50:08Z,69.56,99.06,0.287,42.52,20.68,230.15,7.04,1521,0
2026-04-02T13:50:18Z,69.33,99.17,0.292,42.32,20.3,229.43,7.0,1529,0
2026-04-02T13:50:28Z,69.88,98.95,0.303,41.9,20.48,230.41,6.77,1522,0
2026-04-02T13:50:38Z,69.49,99.04,0.314,42.41,20.86,229.38,6.87,1515,0
2026-04-02T13:50:48Z,78.66,111.28,1.436,41.82,14.4,205.84,10.68,1252,1
2026-04-02T13:50:58Z,69.5,99.45,0.29,42.72,20.73,229.33,7.03,1534,0
2026-04-02T13:51:08Z,69.99,99.25,0.302,42.44,20.2,229.38,6.96,1519,0
2026-04-02T13:51:18Z,69.83,99.19,0.311,42.44,20.49,229.97,6.93,1529,0
2026-04-02T13:51:28Z,69.7,99.1,0.29,42.48,20.15,229.71,6.97,1521,0
2026-04-02T13:51:38Z,69.87,99.2,0.31,42.2,20.56,229.84,7.06,1537,0
2026-04-02T13:51:48Z,70.06,99.39,0.307,41.04,20.31,230.02,6.98,1538,0
2026-04-02T13:51:58Z,69.71,99.11,0.324,42.11,20.23,229.54,7.08,1533,0
2026-04-02T13:52:08Z,70.39,98.78,0.303,41.95,20.42,229.29,7.1,1529,0
2026-04-02T13:52:18Z,70.37,99.51,0.304,41.67,20.46,229.9,7.0,1534,0
2026-04-02T13:52:28Z,70.12,99.14,0.31,41.58,20.85,229.4,7.09,1541,0
2026-04-02T13:52:38Z,69.92,99.08,0.296,41.6,20.47,229.84,6.93,1534,0
2026-04-02T13:52:48Z,69.99,98.95,0.313,41.85,20.91,229.6,7.04,1533,0
2026-04-02T13:52:58Z,70.48,99.41,0.304,41.85,20.31,229.29,6.95,1541,0
2026-04-02T13:53:08Z,70.14,98.95,0.312,41.56,20.78,229.56,6.75,1536,0
2026-04-02T13:53:18Z,70.04,99.37,0.315,42.04,20.55,229.54,7.19,1551,0
2026-04-02T13:53:28Z,70.81,99.32,0.313,42.07,20.57,229.09,7.0,1544,0
2026-04-02T13:53:38Z,70.66,98.97,0.315,42.01,20.67,229.27,7.02,1542,0
2026-04-02T13:53:48Z,81.13,114.27,0.711,41.34,16.65,205.11,10.26,1166,1
2026-04-02T13:53:58Z,70.41,99.16,0.326,41.42,20.59,229.72,7.11,1540,0
2026-04-02T13:54:08Z,70.94,98.86,0.316,41.66,20.69,229.86,7.0,1546,0
2026-04-02T13:54:18Z,70.65,99.32,0.305,41.98,20.52,229.48,7.24,1539,0
2026-04-02T13:54:28Z,70.93,98.92,0.308,41.26,20.43,229.37,7.15,1546,0
2026-04-02T13:54:38Z,71.05,99.15,0.322,40.86,21.19,229.3,7.0,1550,0
2026-04-02T13:54:48Z,71.16,98.92,0.331,40.65,20.93,228.94,7.13,1546,0
2026-04-02T13:54:58Z,71.14,99.09,0.314,41.75,20.84,229.4,7.14,1554,0
2026-04-02T13:55:08Z,71.12,98.78,0.342,41.16,20.91,229.11,7.16,1543,0
2026-04-02T13:55:18Z,71.07,99.2,0.331,40.12,20.73,229.28,7.01,1546,0
2026-04-02T13:55:28Z,71.31,99.02,0.336,40.92,20.71,229.86,7.19,1552,0
2026-04-02T13:55:38Z,71.08,99.11,0.341,41.35,20.29,229.47,7.06,1562,0
2026-04-02T13:55:48Z,70.92,99.11,0.351,40.98,20.79,229.83,7.15,1554,0
2026-04-02T13:55:58Z,71.23,98.72,0.342,41.02,20.84,229.39,7.03,1554,0
2026-04-02T13:56:08Z,71.48,98.86,0.337,41.81,20.65,229.16,7.2,1555,0
2026-04-02T13:56:18Z,71.69,98.95,0.347,40.2,20.61,228.89,7.14,1549,0
2026-04-02T13:56:28Z,71.2,98.99,0.35,40.76,20.43,228.64,7.01,1547,0
2026-04-02T13:56:38Z,71.88,98.92,0.35,41.15,20.6,228.63,7.02,1555,0
2026-04-02T13:56:48Z,72.46,98.92,0.363,40.76,20.8,229.06,7.12,1562,0
2026-04-02T13:56:58Z,72.04,99.23,0.334,41.06,20.79,229.66,7.25,1562,0
2026-04-02T13:57:08Z,71.93,98.97,0.35,40.64,20.77,229.66,7.36,1561,0
2026-04-02T13:57:18Z,71.94,99.47,0.354,40.88,20.73,229.04,7.16,1554,0
2026-04-02T13:57:28Z,72.37,99.18,0.346,40.63,20.86,229.32,7.3,1555,0
2026-04-02T13:57:38Z,72.28,98.93,0.352,40.38,21.31,229.07,7.34,1559,0
2026-04-02T13:57:48Z,72.0,98.99,0.349,40.44,20.83,229.04,7.25,1558,0
2026-04-02T13:57:58Z,71.72,99.08,0.364,41.13,21.08,229.17,7.19,1568,0
2026-04-02T13:58:08Z,72.24,99.04,0.355,40.52,20.6,228.71,7.34,1554,0
2026-04-02T13:58:18Z,72.4,99.15,0.37,40.61,20.56,228.69,7.3,1553,0
2026-04-02T13:58:28Z,72.63,99.06,0.351,40.73,20.89,229.44,7.23,1565,0
2026-04-02T13:58:38Z,72.64,99.25,0.356,40.95,21.01,229.24,7.17,1552,0
2026-04-02T13:58:48Z,72.66,98.96,0.354,40.76,20.91,229.3,7.4,1557,0
2026-04-02T13:58:58Z,86.72,107.5,0.982,40.87,15.27,206.58,12.2,1252,1
2026-04-02T13:59:08Z,72.65,99.06,0.353,40.79,21.36,229.52,7.27,1559,0
2026-04-02T13:59:18Z,72.26,99.23,0.373,40.51,21.27,228.94,7.3,1563,0
2026-04-02T13:59:28Z,72.61,99.25,0.364,39.81,20.94,229.39,7.42,1566,0
2026-04-02T13:59:38Z,73.13,99.03,0.365,40.5,21.03,228.78,7.26,1562,0
2026-04-02T13:59:48Z,72.58,99.02,0.384,40.19,21.37,228.53,7.46,1556,0
2026-04-02T13:59:58Z,80.23,107.62,1.06,40.73,16.09,208.9,12.23,1258,1
2026-04-02T14:00:08Z,80.67,109.69,0.835,39.85,15.2,207.38,11.77,1196,1
2026-04-02T14:00:18Z,73.41,98.93,0.374,41.18,20.96,229.45,7.51,1553,0
2026-04-02T14:00:28Z,73.73,99.06,0.375,40.26,20.97,228.56,7.35,1568,0
2026-04-02T14:00:38Z,73.32,98.69,0.353,40.11,20.83,228.72,7.46,1556,0
2026-04-02T14:00:48Z,80.25,111.6,1.399,39.51,17.64,206.56,10.64,1058,1
2026-04-02T14:00:58Z,87.41,110.21,1.315,40.32,16.83,211.14,11.45,1220,1
2026-04-02T14:01:08Z,73.34,99.23,0.372,40.55,21.07,228.85,7.37,1558,0
2026-04-02T14:01:18Z,73.7,98.86,0.375,40.58,21.35,228.63,7.46,1568,0
2026-04-02T14:01:28Z,74.1,98.81,0.392,40.19,21.4,228.65,7.5,1564,0
2026-04-02T14:01:38Z,73.44,99.33,0.4,40.7,21.36,229.1,7.38,1571,0
2026-04-02T14:01:48Z,74.22,98.75,0.406,40.69,21.26,228.77,7.59,1563,0
2026-04-02T14:01:58Z,73.54,99.03,0.378,40.36,21.27,228.88,7.4,1561,0
2026-04-02T14:02:08Z,73.39,99.28,0.385,39.6,21.38,228.63,7.56,1545,0
2026-04-02T14:02:18Z,73.56,98.55,0.393,39.99,21.52,229.11,7.51,1559,0
2026-04-02T14:02:28Z,73.91,99.05,0.379,40.21,21.39,228.36,7.53,1559,0
2026-04-02T14:02:38Z,73.66,99.48,0.396,40.27,21.71,228.44,7.65,1551,0
2026-04-02T14:02:48Z,73.84,99.09,0.409,40.2,21.66,229.0,7.5,1558,0
2026-04-02T14:02:58Z,83.91,107.71,1.178,40.1,17.66,217.43,10.44,1182,1
2026-04-02T14:03:08Z,74.05,99.32,0.405,41.13,21.08,229.05,7.74,1555,0
2026-04-02T14:03:18Z,74.04,99.24,0.386,39.82,21.53,228.89,7.51,1558,0
2026-04-02T14:03:28Z,73.88,99.05,0.402,39.91,21.77,228.05,7.54,1548,0
2026-04-02T14:03:38Z,74.03,99.37,0.395,39.3,21.47,228.84,7.71,1553,0
2026-04-02T14:03:48Z,74.37,99.54,0.403,40.0,21.53,228.35,7.52,1545,0
2026-04-02T14:03:58Z,74.62,99.03,0.396,39.96,21.65,228.75,7.59,1561,0
2026-04-02T14:04:08Z,84.75,104.74,1.413,40.03,14.53,208.44,9.84,1220,1
2026-04-02T14:04:18Z,74.4,99.33,0.412,40.18,21.84,228.57,7.62,1553,0
2026-04-02T14:04:28Z,74.74,99.02,0.391,40.06,21.73,228.06,7.6,1548,0
2026-04-02T14:04:38Z,74.6,99.07,0.399,40.03,21.69,228.98,7.73,1545,0
2026-04-02T14:04:48Z,74.87,99.13,0.39,40.44,21.89,229.19,7.76,1549,0
2026-04-02T14:04:58Z,74.84,99.42,0.416,40.13,21.61,228.59,7.62,1551,0
2026-04-02T14:05:08Z,75.08,99.33,0.411,39.77,21.65,228.74,7.9,1545,0
2026-04-02T14:05:18Z,74.57,99.5,0.405,40.26,22.02,228.85,7.61,1546,0
2026-04-02T14:05:28Z,75.07,99.2,0.405,40.29,21.72,228.46,7.71,1557,0
2026-04-02T14:05:38Z,75.04,99.38,0.386,39.42,21.65,228.61,7.68,1550,0
2026-04-02T14:05:48Z,74.73,99.27,0.401,40.07,21.69,228.35,7.8,1543,0
2026-04-02T14:05:58Z,74.84,99.39,0.379,39.62,21.65,228.49,7.82,1539,0
2026-04-02T14:06:08Z,74.9,99.38,0.392,39.83,21.71,228.4,7.62,1542,0
2026-04-02T14:06:18Z,74.89,99.11,0.386,40.01,21.75,228.45,7.64,1536,0
2026-04-02T14:06:28Z,75.29,99.28,0.411,39.88,21.56,228.44,7.76,1547,0
2026-04-02T14:06:38Z,75.4,99.49,0.397,38.58,21.62,228.91,7.69,1546,0
2026-04-02T14:06:48Z,81.64,110.52,0.894,39.41,14.95,214.07,10.45,1152,1
2026-04-02T14:06:58Z,75.52,99.39,0.399,40.5,21.84,228.22,7.71,1541,0
2026-04-02T14:07:08Z,75.47,99.42,0.391,40.3,22.0,228.7,7.84,1536,0
2026-04-02T14:07:18Z,75.31,99.6,0.388,39.83,21.68,228.45,7.81,1543,0
2026-04-02T14:07:28Z,75.49,99.4,0.387,39.12,21.91,228.85,7.61,1530,0
2026-04-02T14:07:38Z,74.95,99.83,0.398,40.01,21.73,228.93,7.64,1534,0
2026-04-02T14:07:48Z,75.02,99.7,0.403,40.29,21.94,228.15,7.81,1539,0
2026-04-02T14:07:58Z,75.53,99.4,0.387,41.0,21.93,228.65,7.7,1535,0
2026-04-02T14:08:08Z,74.98,99.73,0.397,41.32,21.78,228.43,7.65,1532,0
2026-04-02T14:08:18Z,75.79,99.63,0.391,40.3,22.15,228.35,7.82,1531,0
2026-04-02T14:08:28Z,75.74,99.57,0.408,39.77,22.12,227.91,7.73,1535,0
2026-04-02T14:08:38Z,75.38,99.62,0.378,39.67,22.0,228.18,7.81,1533,0
2026-04-02T14:08:48Z,74.97,99.75,0.383,40.39,22.13,228.18,7.79,1537,0
2026-04-02T14:08:58Z,75.2,99.92,0.381,39.72,22.02,228.19,7.74,1529,0
2026-04-02T14:09:08Z,75.81,99.51,0.385,39.79,21.84,228.41,7.94,1522,0
2026-04-02T14:09:18Z,75.91,99.72,0.374,39.65,21.98,228.42,7.8,1525,0
2026-04-02T14:09:28Z,75.9,99.7,0.375,40.46,22.38,228.29,7.86,1527,0
2026-04-02T14:09:38Z,76.0,99.86,0.386,39.92,22.14,228.24,7.91,1516,0
2026-04-02T14:09:48Z,76.05,99.75,0.387,40.52,22.05,228.47,8.03,1522,0
2026-04-02T14:09:58Z,75.21,99.69,0.37,40.01,22.2,228.58,7.88,1519,0
2026-04-02T14:10:08Z,75.57,100.14,0.38,40.76,22.49,228.34,8.04,1520,0
2026-04-02T14:10:18Z,75.75,99.62,0.393,40.81,22.63,228.58,7.95,1520,0
2026-04-02T14:10:28Z,76.12,99.96,0.37,40.59,22.36,228.44,7.92,1513,0
2026-04-02T14:10:38Z,75.81,99.93,0.394,40.05,22.57,227.93,7.8,1520,0
2026-04-02T14:10:48Z,75.4,99.92,0.393,41.13,22.39,228.35,8.05,1509,0
2026-04-02T14:10:58Z,76.17,99.98,0.353,39.79,22.36,228.38,7.89,1522,0
2026-04-02T14:11:08Z,76.48,99.96,0.368,40.57,22.48,228.59,7.83,1519,0
2026-04-02T14:11:18Z,74.97,100.02,0.376,40.31,22.48,228.54,8.01,1509,0
2026-04-02T14:11:28Z,75.83,99.91,0.355,39.76,22.43,228.54,8.13,1511,0
2026-04-02T14:11:38Z,76.13,99.95,0.371,40.83,22.46,228.07,7.99,1516,0
2026-04-02T14:11:48Z,75.63,100.13,0.376,39.56,22.39,228.48,8.04,1506,0
2026-04-02T14:11:58Z,75.62,100.12,0.356,40.97,22.53,228.25,8.09,1507,0
2026-04-02T14:12:08Z,82.95,105.27,1.446,39.89,19.5,205.76,11.95,1103,1
2026-04-02T14:12:18Z,75.64,100.58,0.361,40.8,22.62,228.33,8.02,1511,0
2026-04-02T14:12:28Z,75.76,100.09,0.334,40.38,22.57,228.25,8.18,1503,0
2026-04-02T14:12:38Z,75.86,100.15,0.364,40.11,22.64,228.63,8.08,1500,0
2026-04-02T14:12:48Z,76.08,100.04,0.362,41.07,22.69,228.88,7.99,1501,0
2026-04-02T14:12:58Z,76.55,100.13,0.351,40.91,22.63,228.29,7.81,1500,0
2026-04-02T14:13:08Z,76.0,100.35,0.359,40.69,22.67,228.32,8.08,1493,0
2026-04-02T14:13:18Z,90.35,112.57,0.765,40.86,16.96,211.08,10.11,1064,1
2026-04-02T14:13:28Z,76.16,100.43,0.363,41.45,22.64,228.61,7.87,1498,0
2026-04-02T14:13:38Z,76.54,100.29,0.347,40.84,22.89,228.52,8.11,1501,0
2026-04-02T14:13:48Z,76.15,100.37,0.342,40.77,22.9,228.58,8.06,1495,0
2026-04-02T14:13:58Z,76.12,100.18,0.348,41.41,22.67,229.21,8.03,1498,0
2026-04-02T14:14:08Z,87.39,106.44,0.86,40.13,18.9,213.39,12.53,1134,1
2026-04-02T14:14:18Z,75.67,100.74,0.354,40.52,22.89,227.99,8.24,1490,0
2026-04-02T14:14:28Z,76.28,100.28,0.329,41.18,22.96,228.24,7.98,1484,0
2026-04-02T14:14:38Z,76.05,100.25,0.333,40.94,22.74,228.41,7.89,1485,0
2026-04-02T14:14:48Z,76.2,100.15,0.334,40.72,22.75,228.48,8.16,1486,0
2026-04-02T14:14:58Z,75.85,100.64,0.33,40.2,23.17,228.2,7.94,1487,0
2026-04-02T14:15:08Z,76.15,100.44,0.309,40.53,23.17,228.41,8.09,1478,0
2026-04-02T14:15:18Z,76.0,100.53,0.345,40.09,22.72,228.25,8.17,1485,0
2026-04-02T14:15:28Z,76.19,100.31,0.336,41.24,22.9,228.52,8.14,1473,0
2026-04-02T14:15:38Z,75.82,100.63,0.336,41.42,22.84,227.85,7.98,1489,0
2026-04-02T14:15:48Z,75.42,100.54,0.339,41.52,23.0,228.76,8.18,1486,0
2026-04-02T14:15:58Z,76.02,100.53,0.322,42.39,23.01,228.73,7.94,1477,0
2026-04-02T14:16:08Z,89.97,106.36,0.969,41.56,17.12,206.95,10.25,1060,1
2026-04-02T14:16:18Z,75.52,100.6,0.328,42.33,23.19,228.41,7.89,1465,0
2026-04-02T14:16:28Z,75.79,100.76,0.32,40.86,22.93,228.27,8.0,1474,0
2026-04-02T14:16:38Z,75.57,100.45,0.313,41.48,23.17,228.53,8.06,1472,0
2026-04-02T14:16:48Z,75.25,100.62,0.321,41.61,23.1,228.26,8.13,1469,0
2026-04-02T14:16:58Z,75.79,100.59,0.3,42.79,22.9,228.61,8.23,1479,0
2026-04-02T14:17:08Z,86.45,113.01,0.893,40.97,17.67,206.58,10.74,1003,1
2026-04-02T14:17:18Z,75.2,101.08,0.322,40.99,23.3,228.16,8.07,1484,0
2026-04-02T14:17:28Z,75.65,101.15,0.31,40.94,23.12,228.86,8.03,1470,0
2026-04-02T14:17:38Z,88.37,112.37,1.262,41.52,18.23,210.85,10.54,1254,1
2026-04-02T14:17:48Z,75.75,100.85,0.293,41.73,22.95,228.18,8.14,1469,0
